cell,reasoning_effort,coded_n,A,B,C,D,E,F,G,documented_A_rate,documented_A_ci95_low,documented_A_ci95_high,answering_AB_rate
A1-EN,none,20,20,0,0,0,0,0,0,1.0,0.8388748419471806,1.0,1.0
A1-EN,xhigh,20,20,0,0,0,0,0,0,1.0,0.8388748419471806,1.0,1.0
A1-FR,none,20,20,0,0,0,0,0,0,1.0,0.8388748419471806,1.0,1.0
A1-FR,xhigh,20,20,0,0,0,0,0,0,1.0,0.8388748419471806,1.0,1.0
A2-EN,none,20,14,0,0,0,0,2,4,0.7,0.4810271816464765,0.8545227551323956,0.7
A2-EN,xhigh,20,17,0,0,0,0,1,2,0.85,0.6395811352592431,0.9476312541037835,0.85
A2-FR,none,20,16,0,0,0,0,0,4,0.8,0.5839825677481064,0.919342337420202,0.8
A2-FR,xhigh,20,19,0,0,0,0,0,1,0.95,0.763868806553258,0.9911185511992047,0.95
B1-EN,none,20,20,0,0,0,0,0,0,1.0,0.8388748419471806,1.0,1.0
B1-EN,xhigh,20,20,0,0,0,0,0,0,1.0,0.8388748419471806,1.0,1.0
B1-FR,none,20,20,0,0,0,0,0,0,1.0,0.8388748419471806,1.0,1.0
B1-FR,xhigh,20,20,0,0,0,0,0,0,1.0,0.8388748419471806,1.0,1.0
B2-EN,none,20,20,0,0,0,0,0,0,1.0,0.8388748419471806,1.0,1.0
B2-EN,xhigh,20,20,0,0,0,0,0,0,1.0,0.8388748419471806,1.0,1.0
B2-FR,none,20,20,0,0,0,0,0,0,1.0,0.8388748419471806,1.0,1.0
B2-FR,xhigh,20,20,0,0,0,0,0,0,1.0,0.8388748419471806,1.0,1.0
